fipscode,growth rate
6037,0.0684
17031,0.0289
48201,0.0548
4013,0.0986
6073,0.0715
6059,0.0575
36047,0.053
12086,0.0746
48113,0.072
36081,0.05
6065,0.0811
6071,0.0874
32003,0.0884
53033,0.0815
26163,0.0976
48439,0.0722
6085,0.0862
12011,0.0742
48029,0.0527
36061,0.0295
42101,0.0432
6001,0.0904
25017,0.0494
36103,0.0315
6067,0.0879
36005,0.0428
36059,0.0343
12099,0.0684
39035,0.0411
12057,0.0718
42003,0.05
26125,0.0738
39049,0.0579
27053,0.0503
12095,0.0783
51059,0.0369
6013,0.0877
49035,0.08
48453,0.0851
29189,0.0362
4019,0.0537
24031,0.029
15003,0.0379
36119,0.0177
55079,0.0408
6019,0.0673
47157,0.0515
13121,0.0628
37119,0.0622
36029,0.0519
17043,0.0254
9001,0.0201
12103,0.0805
34003,0.0231
18097,0.0617
37183,0.0462
9003,0.0149
12031,0.0583
24033,0.0562
9009,0.0185
26099,0.0766
6029,0.0705
6111,0.0536
34023,0.0267
13135,0.0737
6075,0.0681
24005,0.0221
39061,0.0464
48141,0.0246
42091,0.0289
25027,0.0441
53053,0.0749
34013,0.0311
48085,0.0659
48215,0.0492
36055,0.04
25009,0.0496
21111,0.0414
41051,0.0702
25025,0.0616
40109,0.0366
6081,0.0798
53061,0.085
17097,0.0241
13089,0.0697
13067,0.0641
6077,0.0995
17197,0.0311
29095,0.0572
25021,0.046
48121,0.0633
35001,0.0361
1073,0.0396
34017,0.0433
34025,0.031
47037,0.071
44007,0.0453
42017,0.0299
8041,0.07
24510,0.0186
12071,0.0715
40143,0.0294
26081,0.0809
12105,0.0714
11001,0.0487
8031,0.0815
48157,0.0424
34029,0.0276
8005,0.081
42045,0.0268
25005,0.0424
20091,0.0472
12009,0.0784
39153,0.0359
10003,0.0221
24003,0.0239
34039,0.0287
39113,0.0431
8059,0.0852
41067,0.0699
42071,0.0349
31055,0.0541
49049,0.0813
17089,0.0313
6099,0.0991
34007,0.0194
27123,0.0519
34031,0.0244
42029,0.027
20173,0.0332
18089,0.0372
25023,0.0441
12127,0.071
34027,0.0175
37081,0.0361
55025,0.0435
6097,0.0655
53063,0.0728
36085,0.0359
36067,0.0333
12101,0.0709
25013,0.0316
48339,0.0446
45045,0.0472
34005,0.0169
6107,0.0686
39095,0.0474
8001,0.09
22033,0.0111
51810,0.0234
42133,0.0285
22051,0.0287
47093,0.0465
19153,0.0418
26049,0.0612
53011,0.0783
6083,0.0524
12117,0.0683
48491,0.0798
32031,0.0989
6053,0.0769
6095,0.0852
1097,0.0237
42011,0.028
48061,0.0309
51153,0.0482
33011,0.0487
27037,0.0541
16001,0.1139
55133,0.039
45079,0.0214
5119,0.0131
12115,0.0608
41005,0.0646
4021,0.1001
39151,0.0394
36071,0.0235
39017,0.044
34021,0.0152
42129,0.0274
29183,0.0419
18003,0.053
41039,0.0613
37067,0.0355
45019,0.0501
42077,0.0283
6061,0.0688
26161,0.0593
22071,0.0485
48355,0.0398
47065,0.0458
1089,0.0376
12083,0.0549
27003,0.06
34035,0.0181
12081,0.0647
12021,0.0529
42079,0.0224
37051,0.0141
29510,0.0235
51041,0.0355
41047,0.071
48039,0.0466
51107,0.0418
36087,0.0187
48027,0.0363
17111,0.0265
51087,0.037
49011,0.0784
36001,0.0203
39093,0.0338
8069,0.0683
42095,0.0295
12033,0.0472
36027,0.0244
12069,0.0622
21067,0.0381
17201,0.0233
33015,0.0504
8013,0.0715
2020,0.0219
48167,0.0509
34015,0.0168
24027,0.0202
8035,0.0599
31109,0.0499
45083,0.045
23005,0.0558
26065,0.0449
42049,0.0248
48303,0.0267
12111,0.092
12073,0.0326
29077,0.0451
18057,0.0441
34001,0.0109
9011,0.0206
17163,0.0137
6079,0.0557
45051,0.0358
17119,0.0205
12097,0.0782
42043,0.0245
37063,0.053
18141,0.0447
13051,0.0292
26139,0.0633
47149,0.0654
45063,0.0262
6087,0.0687
13063,0.1198
6047,0.1081
40027,0.0276
22017,0.0029
8123,0.079
6041,0.0614
48245,0.0339
53067,0.0619
53035,0.0641
26077,0.054
48479,0.0234
55009,0.0443
12001,0.0404
28049,0.0198
24025,0.0209
53077,0.0574
51710,0.0175
39099,0.0407
37021,0.0516
27163,0.0477
42041,0.0247
48309,0.0552
36065,0.0369
22103,0.0232
24021,0.0346
49057,0.0836
39085,0.0282
1101,0.0053
45091,0.0619
51550,0.0234
29047,0.0492
22055,0.0104
5007,0.0598
6007,0.0582
36091,0.03
29099,0.028
36063,0.0507
25001,0.0402
42069,0.0121
13057,0.0607
39165,0.0442
19113,0.0264
4025,0.0763
39155,0.0392
48423,0.0401
35013,0.0146
42125,0.0289
51013,0.0348
37071,0.0628
51760,0.0495
13151,0.0684
41029,0.0564
5143,0.0562
37129,0.0384
37179,0.0556
53073,0.0649
17019,0.0152
6113,0.0637
36007,0.0137
27137,0.0357
4015,0.0799
26145,0.0407
18039,0.0536
17167,0.0155
39025,0.0405
10005,0.0288
23031,0.0483
4027,0.0442
55101,0.0464
1117,0.0352
48041,0.0404
1125,0.028
54039,0.0061
12019,0.0506
12109,0.0483
9005,0.0226
13215,0.0107
16027,0.137
45007,0.0398
28047,0.0296
17143,0.0027
42019,0.0343
47187,0.0632
36111,0.0407
1003,0.0475
6017,0.0662
26093,0.0638
12091,0.0494
51700,0.016
18163,0.0406
13139,0.0611
37025,0.0558
20177,0.0271
45015,0.0464
37133,0.0066
6089,0.0982
55087,0.0435
13117,0.0537
53005,0.0638
6025,0.0888
39041,0.0429
18157,0.0482
12053,0.0826
39103,0.0408
47125,0.0392
26121,0.0747
42007,0.0362
42089,0.0312
17113,0.0098
46099,0.0482
37101,0.0451
12005,0.041
37147,0.024
24013,0.0274
55139,0.0433
39089,0.0562
55059,0.0418
44003,0.042
9007,0.0143
19163,0.0282
18127,0.0406
26147,0.064
37057,0.0417
29019,0.0321
10001,0.0268
45013,0.0281
39057,0.0372
39133,0.0329
28033,0.0386
47165,0.057
55105,0.0533
26075,0.066
45003,0.0243
12015,0.072
21117,0.0389
37097,0.0418
36083,0.0234
8101,0.0662
31153,0.0441
25015,0.0253
41017,0.097
20209,0.0696
48209,0.0659
34011,0.0211
47163,0.036
26021,0.0347
50007,0.0332
13021,0.0435
15009,0.0306
36093,0.0215
37035,0.0436
42027,0.01
23019,0.0359
22073,0.0176
6031,0.0624
9013,0.0155
26115,0.0387
12113,0.0513
48251,0.067
6039,0.0801
27145,0.0561
38017,0.0309
42055,0.0262
48139,0.0661
34037,0.0175
42107,0.0334
30111,0.0369
17161,0.0143
24043,0.0348
8077,0.047
24017,0.0323
33013,0.0446
12085,0.0619
39045,0.0517
18063,0.0482
27109,0.0537
35049,0.0368
42021,0.0173
37151,0.0357
28121,0.026
12017,0.0596
1081,0.0308
51510,0.0346
13153,0.0235
28059,0.02
18081,0.0526
16055,0.0924
37159,0.041
39023,0.0462
49053,0.0771
12061,0.0634
18105,0.0447
51650,0.0197
48135,0.0564
45041,0.0244
48329,0.0473
42051,0.0298
45035,0.0469
6055,0.0717
26025,0.0526
17179,0.0088
36013,0.0336
6023,0.0414
4005,0.0603
55073,0.0363
37135,0.0343
42075,0.0264
13097,0.0651
55131,0.0448
18095,0.0551
22079,0.0135
35043,0.0361
48187,0.0372
48441,0.0401
48485,0.0273
4003,0.0677
25003,0.0229
19013,0.0185
19103,0.024
35045,0.0537
27139,0.0523
51179,0.0447
34019,0.0162
22063,0.0193
13077,0.0532
42013,0.0299
44009,0.0382
5131,0.0274
39173,0.0344
27171,0.0568
39139,0.0583
40031,0.0216
13073,0.031
33017,0.0476
47009,0.0449
47179,0.031
37191,0.0294
51177,0.0459
23011,0.0468
36075,0.0317
48183,0.0417
22105,0.0144
48375,0.0283
48181,0.0629
48381,0.0316
1103,0.0516
45077,0.0476
21015,0.0424
1015,0.0282
9015,0.0327
18035,0.043
29097,0.0717
22015,0.0082
48367,0.0625
53057,0.0688
13059,0.0534
41043,0.08
42085,0.0346
36045,0.0247
42081,0.0262
40017,0.0262
55117,0.0524
17093,0.0405
37085,0.0324
55063,0.0437
39169,0.0413
47189,0.0564
17099,0.0197
21227,0.0309
17091,0.0237
5045,0.0255
49005,0.0639
36089,0.0255
22109,0.0238
18091,0.0384
26005,0.0629
20045,0.037
17115,0.0104
13045,0.0657
18019,0.0531
48451,0.0661
30063,0.0585
13185,0.0252
34041,0.0216
48091,0.0525
36069,0.0314
18167,0.028
39029,0.0339
26017,0.0426
26045,0.0494
23001,0.0453
41019,0.0389
45085,0.0296
4017,0.075
37019,0.0261
22005,0.0255
5125,0.0254
37089,0.0488
13113,0.0468
39003,0.041
21093,0.039
17037,0.0229
24037,0.0213
1055,0.0197
16019,0.0688
54003,0.0472
37049,0.0175
48257,0.0521
13313,0.0474
39109,0.0402
53015,0.0773
55127,0.0483
19193,0.0447
55039,0.0431
36109,0.0227
1069,0.0117
39007,0.0253
29071,0.0375
42001,0.0163
24015,0.0224
46103,0.0432
13015,0.0656
13217,0.0968
26091,0.0519
51085,0.0282
36079,0.0186
29037,0.0563
41071,0.0734
36101,0.0293
51003,0.0244
47011,0.0435
12055,0.0558
6057,0.0608
55035,0.0533
24045,0.0239
47113,0.0402
37045,0.041
2090,0.023
34009,0.0304
51770,0.0342
21059,0.0384
5031,0.0336
54011,0.0175
22057,0.0041
13115,0.0507
54061,0.0434
5051,0.0372
37127,0.0353
12035,0.0579
51740,0.0286
28089,0.0201
6101,0.0729
13095,0.0226
42097,0.0355
51121,0.0287
36117,0.0339
19061,0.0334
37157,0.0329
12119,0.0401
39055,0.0332
19155,0.0315
1095,0.0486
1077,0.0282
39157,0.0271
48037,0.0602
45075,0.0213
51161,0.035
56021,0.0399
42073,0.0266
27019,0.0442
30029,0.0779
21037,0.0427
47155,0.0598
19169,0.0323
30031,0.0668
29165,0.0447
29021,0.026
53025,0.0697
33009,0.0437
2170,0.0022
42063,0.0334
36015,0.0229
42039,0.0309
55027,0.0498
24009,0.0201
27141,0.0653
26087,0.0572
37125,0.0371
6045,0.0483
26055,0.0728
54107,0.0317
40131,0.0116
48005,0.0551
55089,0.038
48231,0.0437
39119,0.0379
41003,0.0516
13247,0.0775
51800,0.02
55109,0.0596
13297,0.0686
55055,0.0602
26111,0.0462
1115,0.0335
22097,0.0303
37027,0.0351
21151,0.0371
28081,0.0251
44005,0.0369
16005,0.0629
18067,0.0473
41033,0.0531
1121,0.0227
36019,0.0325
48361,0.0415
42033,0.0302
17183,0.0171
55071,0.0362
30013,0.044
38015,0.0454
37195,0.0269
47119,0.0692
1043,0.0356
36009,-0.0088
28075,0.0193
36011,0.0253
13127,0.0315
39145,0.0248
1051,0.0313
54081,0.0216
48213,0.0548
53029,0.0629
48397,0.0538
51069,0.0452
37109,0.0476
53021,0.0874
39141,0.0426
42111,0.0265
36105,0.0284
5069,0.0126
29043,0.0541
18085,0.0433
40119,0.0331
16083,0.0811
33005,0.0373
39043,0.0323
5145,0.0315
18005,0.0449
45057,0.0432
35061,0.0467
51165,0.0281
26159,0.0435
20103,0.0542
29051,0.0322
41059,0.0777
29031,0.0338
48291,0.0556
51680,0.0372
53041,0.0757
56025,0.0236
41053,0.0693
48099,0.032
26037,0.0556
47001,0.0471
24001,0.033
28035,0.019
39063,0.0427
55141,0.0327
18043,0.0541
12107,0.0777
21029,0.0435
45073,0.0341
48021,0.0605
21047,0.0228
51015,0.026
37171,0.0329
36053,0.0065
12089,0.0641
22045,0.0188
40145,0.0406
53027,0.0898
53007,0.0763
47141,0.0481
6115,0.0771
23003,0.01
4001,0.0705
35031,0.0245
53009,0.0566
25011,0.0288
20161,0.0259
1049,0.0378
40101,0.0141
26155,0.0374
39013,0.0555
26073,0.041
13031,0.0339
18053,0.0281
55097,0.0452
18059,0.046
40037,0.0298
40125,0.0249
13013,0.0915
37193,0.0415
54033,0.0335
42005,0.0331
18177,0.0224
18109,0.0497
47059,0.0512
13295,0.0514
45031,0.0278
51019,0.0312
5085,0.0231
48471,0.0526
37161,0.0349
28067,0.0222
12023,0.0785
42037,0.0305
17001,0.0341
15007,0.0388
26103,0.0547
13285,0.0372
1127,0.0141
51095,0.0186
38035,0.033
45059,0.0344
39101,0.0301
37031,0.0216
41035,0.0441
17199,0.0069
47147,0.0602
19049,0.0349
34033,0.0177
20015,0.0329
36113,0.0313
35005,0.0461
48203,0.0339
21145,0.0242
51199,0.0249
36051,0.0327
29187,0.0402
42025,0.0282
51061,0.0549
21195,0.0276
48409,0.0429
39009,0.0427
35025,0.0727
6033,0.0712
48347,0.0429
36043,0.0317
20155,0.028
27131,0.0599
27013,0.0471
13047,0.0524
26067,0.0578
51143,0.0279
37037,0.0364
6103,0.0554
13179,0.0368
37163,0.0322
30049,0.059
26117,0.0569
36115,0.0365
36021,0.042
21199,0.0504
41011,0.0597
42015,0.0512
47063,0.0388
27035,0.0542
39087,0.042
55017,0.0511
54055,0.025
36077,0.0332
55111,0.0395
5033,0.0271
39167,0.044
22001,0.0548
5115,0.035
45055,0.0354
38101,0.037
50021,0.0132
26149,0.0647
47167,0.041
48427,0.0218
39143,0.0365
39083,0.065
53045,0.074
37069,0.0442
37167,0.034
40047,0.0289
13157,0.0611
21185,0.0368
17077,-0.0122
45043,0.0372
33001,0.0493
36037,0.0376
37077,0.0403
28087,0.018
18173,0.0446
39077,0.0252
50023,0.031
37107,0.0247
26015,0.0665
48497,0.0576
37087,0.049
27027,0.0406
21125,0.0272
53071,0.0649
31079,0.0462
37061,0.0319
17195,0.0226
48001,0.0369
49045,0.0795
29145,0.0368
37047,0.0278
37105,0.0286
23017,0.0306
47019,0.0428
42103,0.0243
1009,0.0339
27111,0.0441
55021,0.0428
47073,0.0403
39147,0.0334
50027,0.0172
18011,0.0417
37065,0.0138
54049,0.0341
8045,0.0786
51067,0.0332
47035,0.0427
8014,0.0702
28109,0.0177
26157,0.0414
39129,0.0417
28073,0.0183
20169,0.0285
36035,0.0427
54079,0.0252
2122,0.0296
45021,0.0405
32510,0.0971
6069,0.0625
13129,0.0428
12131,0.0545
42121,0.0345
51191,0.0262
51031,0.029
37083,0.0148
48199,0.0411
1001,0.0188
23009,0.0387
48323,0.0526
47145,0.0448
17007,0.0199
51089,0.0169
27025,0.0687
17029,0.0225
4007,0.0777
54037,0.0268
17141,0.0195
48401,0.0397
1071,0.0301
39005,0.0353
39037,0.0364
1113,0.0175
17095,0.0291
42127,0.0227
47031,0.0476
22089,0.0229
29101,0.0443
48467,0.0502
29113,0.0391
40051,0.0315
55135,0.0338
22115,0.0165
39159,0.0482
26027,0.0661
29169,0.0093
47107,0.0433
13103,0.0393
23025,0.0272
37141,0.0316
8037,0.0394
22099,0.023
32019,0.0982
29213,0.0343
36033,0.0416
27169,0.0409
24047,0.0237
47089,0.0409
8067,0.0423
55043,0.0405
48221,0.0548
36107,0.0379
37189,0.0457
40147,0.0217
5035,0.0159
48073,0.0446
13039,0.0352
17073,0.0298
36017,0.0337
40079,0.0368
1045,0.0232
36057,0.0344
17063,0.0236
18029,0.0341
49003,0.0776
1031,0.0156
44001,0.0583
48277,0.0531
42009,0.0376
12063,0.0582
47053,0.0342
47043,0.0584
48265,0.0494
21019,0.0282
18065,0.0293
39149,0.0407
41009,0.0727
36023,0.0379
21073,0.0328
36039,0.0406
19045,0.0174
55015,0.0376
36003,0.0391
51660,0.0275
48465,0.0413
32007,0.096
28149,0.0211
21113,0.0297
47105,0.0384
26123,0.062
13175,0.0437
36025,0.0292
33003,0.0515
24035,0.0314
17117,0.0164
37013,0.0224
50011,0.0214
48349,0.0425
17177,0.0054
28105,0.0175
40019,0.0409
18113,0.0387
40113,0.0292
4023,0.0656
37169,0.0294
28071,0.0271
21209,0.0403
22117,0.0221
18099,0.0326
32005,0.0907
40021,0.0258
37093,0.0308
21107,0.018
22061,0.0296
45025,0.0515
51047,0.0289
26059,0.0545
42087,0.0331
37153,0.0362
40071,0.0266
5093,0.0123
12039,0.0523
21101,0.0271
19181,0.0295
27049,0.0442
49021,0.0511
18093,0.0419
56005,0.0167
31019,0.0403
41041,0.0678
48325,0.0516
42099,0.0286
39011,0.0412
22095,0.0057
42061,0.0317
55005,0.0417
39091,0.0425
40121,0.0206
13009,0.0354
16011,0.079
6009,0.0563
13071,0.0442
37181,0.017
48373,0.0497
26023,0.0528
42065,0.0322
51185,0.024
47003,0.0615
27061,0.0426
40137,0.0332
42119,0.0303
48013,0.0589
6093,0.049
39015,0.0393
53075,0.0704
13275,0.0367
55081,0.0403
47123,0.0498
50025,0.0157
54069,0.0332
27007,0.048
18145,0.0368
29027,0.0405
55095,0.0404
55031,0.0322
19033,0.0267
29029,0.0491
32023,0.0758
28045,0.0176
55033,0.0313
1047,0.0172
56037,0.0248
39033,0.0234
33019,0.0344
1021,0.0261
39071,0.0334
53065,0.0618
51540,0.0357
5091,0.0336
42083,0.0274
21179,0.0458
39097,0.0448
42115,0.021
48473,0.0557
26151,0.0433
51590,0.0148
13137,0.0396
48493,0.0551
36073,0.0363
26107,0.0474
29023,0.0199
48053,0.0506
19139,0.0246
39051,0.0339
54099,0.0103
26057,0.0444
40013,0.0411
40135,0.0306
18071,0.0388
39075,0.0556
13069,0.04
39135,0.0328
27067,0.0413
18033,0.048
29159,0.0614
21009,0.0377
36121,0.0369
5055,0.0365
21211,0.0413
22009,0.0251
39027,0.0348
51171,0.0186
42117,0.0432
48499,0.055
55115,0.0275
18037,0.0424
47099,0.047
40083,0.0264
55075,0.0347
5139,0.0285
1123,0.0275
12121,0.0638
5005,0.0297
40041,0.0358
13233,0.0431
51195,0.0237
39123,0.033
48481,0.047
8085,0.0512
40097,0.0424
37059,0.0309
22119,0.0447
53047,0.0608
47051,0.0384
55093,0.0299
53037,0.0596
16017,0.0685
48249,0.0392
39107,0.0521
12075,0.0498
47013,0.0394
37139,0.0123
19127,0.0173
28113,0.021
29091,0.0344
19057,0.0232
37099,0.0253
35039,0.0113
30081,0.0378
56013,0.0232
13277,0.044
39021,0.0391
39059,0.049
40111,0.0315
12093,0.0407
42031,0.0313
47177,0.054
23013,0.0279
42109,0.038
13213,0.0444
22069,0.0093
17055,0.0142
37145,0.0297
21071,0.0048
36031,0.0353
18061,0.0377
48459,0.0365
16069,0.0732
42035,0.0397
27099,0.0516
12051,0.0556
20037,0.0225
47021,0.0601
39039,0.0457
18017,0.0265
17105,0.0156
45029,0.0335
17081,0.0349
23027,0.0311
42059,0.0152
17203,0.0271
29109,0.0483
26033,0.0562
27009,0.0407
18083,0.0397
48097,0.051
53017,0.069
47047,0.0349
37197,0.0354
47045,0.0287
1053,0.0175
18107,0.0382
48049,0.0499
6005,0.0509
48055,0.0545
19187,0.0246
18133,0.0389
48143,0.0488
51683,0.0559
27059,0.0374
24041,0.0295
1039,0.0512
17027,0.0308
55083,0.032
39171,0.0318
51187,0.0301
16065,0.0739
45071,0.0348
40123,0.0283
16057,0.0686
4009,0.0771
37003,0.0343
21035,0.033
28093,0.0166
18087,0.0383
50003,0.0151
18069,0.0343
21083,0.0266
26041,0.0473
17057,0.024
28003,0.0265
41007,0.0629
31157,0.0446
21089,0.0342
5009,0.0289
18103,0.0277
39031,0.0451
51073,0.0234
19099,0.0225
55045,0.0342
50001,0.0188
20055,0.0482
54045,0.0336
48321,0.0512
31053,0.0416
27085,0.0453
5063,0.0293
26061,0.0434
27147,0.0351
46013,0.0338
49043,0.0727
13299,0.0422
20035,0.0221
56001,0.0315
31111,0.0415
48189,0.0338
51083,0.024
29225,0.0366
37165,0.0168
39127,0.0366
17103,0.0043
27041,0.0471
55085,0.0198
22087,0.0178
19111,0.0265
51149,0.0252
48241,0.0499
47029,0.0379
22011,0.0272
21235,0.0266
19179,0.024
21049,0.0221
29009,0.0582
29105,0.0337
17137,0.0281
54025,0.0245
20125,-0.0033
27017,0.0424
23023,0.0363
51093,0.0214
36099,0.0416
37017,0.0284
48071,0.0519
48217,0.0457
47183,0.0372
48227,0.0751
17011,0.0226
45027,0.0173
6035,0.0566
31119,0.0528
51155,0.0342
28085,0.0249
12027,0.0585
39117,0.0419
17021,0.0293
28107,0.0321
55019,0.0318
20079,0.037
40087,0.0341
39137,0.0424
23015,0.0304
45089,0.0159
18001,0.0392
20061,0.0147
1079,0.0653
40081,0.0337
17049,0.0409
1017,0.018
30093,0.0415
18151,0.0359
22039,0.0369
37113,0.0272
37055,0.0199
48147,0.0473
48477,0.0506
19167,0.0405
20111,0.0264
54077,0.0303
18051,0.0457
51137,0.0178
18073,0.0407
17157,0.0233
48259,0.0461
22047,0.0207
29107,0.0362
47103,0.0396
19125,0.0306
18183,0.0402
39079,0.0447
18023,0.0314
27097,0.0417
18055,0.038
51001,0.0077
51109,0.0236
40089,0.0467
51023,0.026
45023,0.0434
26063,0.0363
54051,0.0317
37175,0.032
24011,0.016
45067,0.0463
33007,0.033
17133,0.024
35055,0.0662
5059,0.0231
18169,0.0357
23029,0.0282
13261,0.0313
13219,0.0454
20121,0.0327
36095,0.0289
26165,0.0497
51117,0.0098
27103,0.046
26047,0.0512
24019,0.012
17109,0.0277
49047,0.0475
29219,0.0349
27005,0.0548
18077,0.0531
51730,0.011
51009,0.0265
48449,0.0396
47079,0.0419
28083,0.0267
28001,0.0186
31141,0.0603
51173,0.0287
29209,0.0356
45033,0.0165
48273,0.0395
39065,0.0381
13145,0.0423
46011,0.0359
29069,0.0259
42047,0.041
21121,0.0729
48025,0.0573
40115,0.0347
47143,0.0432
47131,0.0286
1059,0.0351
18027,0.0432
27119,0.0482
22053,0.0337
21177,0.0192
21157,0.0375
31001,0.0455
41045,0.0556
2110,0.0267
27047,0.0392
50005,0.0277
29167,0.0353
8029,0.0477
39053,0.041
26035,0.0557
1093,0.0244
12129,0.0581
23007,0.033
54029,0.0189
47117,0.0686
48067,0.0354
17107,0.0329
13029,0.0363
17135,0.0243
13305,0.0459
24023,0.0224
51035,0.0275
13187,0.0447
53031,0.0487
55123,0.0428
27115,0.0325
17075,0.019
28099,0.0252
40015,0.0581
26007,0.0369
35017,0.0411
47055,0.0402
28029,0.0171
13227,0.0451
35047,0.0165
39073,0.0387
51197,0.0343
54035,0.034
20113,0.0316
56033,0.0324
39047,0.0328
45087,0.0479
50017,0.018
45069,0.0429
51167,0.0243
28137,0.0278
39019,0.0466
18137,0.0375
55121,0.0387
29127,0.0356
13143,0.0447
30047,0.0356
39161,0.0415
55069,0.0261
21193,0.0076
39131,0.0469
26105,0.0594
21013,0.0328
13169,0.0349
6015,0.0575
21163,0.0306
27021,0.037
39001,0.0447
51033,0.0209
18079,0.0352
47017,0.0329
12007,0.0603
21021,0.027
48015,0.0501
13177,0.039
13123,0.0411
42131,0.03
28123,0.0418
18175,0.0414
5123,0.0113
47115,0.0394
39069,0.043
54057,0.0216
56029,0.0417
8087,0.0724
6021,0.055
13195,0.0422
48363,0.0447
28163,0.0137
51145,0.0264
51053,0.0247
8117,0.071
22067,0.0183
13087,0.0364
49039,0.071
47097,0.0221
37123,0.0403
55029,0.0232
47077,0.0373
12049,0.0589
21043,0.0279
27079,0.0362
13225,0.0396
18179,0.0386
40049,0.0383
28127,0.0171
40039,0.0306
5015,0.0287
37039,0.0109
54053,0.0309
37009,0.036
47069,0.0234
50019,0.0315
13279,0.0507
35006,0.0221
13293,0.036
13311,0.0401
12003,0.0719
28091,0.0146
36049,0.046
16039,0.0599
45037,0.0359
37007,0.0227
18021,0.0413
21141,0.0334
55057,0.0315
22031,0.035
48185,0.0534
26127,0.0584
21173,0.035
24039,0.0087
40065,0.0275
13207,0.0399
48463,0.0554
48407,0.0484
19015,0.0253
54067,0.0276
51840,0.0197
13257,0.0398
18135,0.0464
26043,0.0422
26031,0.0456
16051,0.0774
5103,0.0291
27095,0.0328
19011,0.027
47109,0.0307
47071,0.0373
13055,0.0341
29215,0.0441
20059,0.0311
1019,0.0329
5023,0.0277
26029,0.0411
18129,0.0389
27015,0.0428
26069,0.0359
27083,0.0384
47185,0.0514
22003,0.0239
41061,0.0605
21085,0.039
18031,0.0423
26051,0.0644
51065,0.0192
29001,0.0356
51105,0.0222
5071,0.039
8083,0.0518
29007,0.0304
13267,0.0454
40133,0.0369
48419,0.0352
45001,0.0477
29175,0.0354
36123,0.042
41057,0.0484
31025,0.038
13147,0.0436
41065,0.0584
29221,0.0403
35029,0.0051
19149,0.0422
21239,0.0256
17165,0.0367
12133,0.0608
27153,0.0427
32001,0.0908
48171,0.0518
51775,0.0263
45053,0.0237
48331,0.0466
29131,0.0342
21137,0.0259
26101,0.0524
29055,0.0267
47081,0.0392
37091,0.0297
21081,0.02
18181,0.0394
42067,0.0328
54005,0.0074
5111,0.0325
48149,0.0588
5027,0.0359
21217,0.027
37117,0.0064
55137,0.02
1133,0.0163
50015,0.0256
26143,0.0657
31047,0.0415
51630,0.0248
18041,0.0339
19017,0.0346
22085,0.0171
38089,0.0543
18143,0.0337
26137,0.054
20191,0.0185
51027,0.0135
46081,0.0339
54009,0.0263
51139,0.0196
26109,0.0365
54027,0.0146
45039,0.0201
28079,0.0185
48365,0.0413
54109,0.0244
22121,0.0241
39105,0.046
51790,0.025
48225,0.0509
37033,0.0301
55049,0.031
13111,0.0505
13035,0.0389
51099,0.0216
26009,0.0483
37053,0.0246
49051,0.0686
26133,0.0398
8107,0.0597
13205,0.03
29177,0.0312
13081,0.038
22007,0.0382
48293,0.0441
29147,0.0393
29195,0.0434
51147,0.0402
18149,0.0295
21115,0.0155
8119,0.0632
21205,0.0275
13033,0.0483
27093,0.0354
51169,0.0351
48007,0.0455
18047,0.0362
8039,0.0683
29119,0.0189
22075,0.0121
5019,0.0225
17083,0.0221
16031,0.0778
48219,0.0443
1007,0.0126
1111,0.0181
22077,0.0335
22111,0.0298
8075,0.0621
40001,0.031
17085,0.0201
47057,0.0466
16075,0.0725
45011,0.0279
39175,0.0384
13107,0.0405
51670,0.0205
28039,0.024
12123,0.0647
51600,0.0291
48179,0.0428
46135,0.0389
38105,0.0626
19123,0.019
16053,0.0739
41015,0.0389
17173,0.0303
17145,0.0202
41027,0.0663
13085,0.0437
31067,0.0343
22043,0.0388
51163,0.023
47111,0.0474
47151,0.0458
5149,0.0403
48233,0.034
17051,0.0291
48489,0.0441
40009,0.0352
22093,0.0242
37131,0.0221
13119,0.0421
47133,0.0486
13199,0.0399
47129,0.0401
48341,0.0658
13189,0.044
5003,0.0203
13091,0.0435
48457,0.0515
5107,0.0019
21051,0.0461
28101,0.0285
41031,0.0649
51075,0.0233
26089,0.0571
19183,0.0315
26129,0.044
13321,0.0399
27157,0.0445
53003,0.0615
20149,0.0347
20021,0.0175
18119,0.0382
18153,0.0321
55125,0.0198
21005,0.0231
6011,0.0401
49007,0.0549
48057,0.0471
27105,0.0451
16013,0.0457
37079,0.0289
13291,0.0416
21167,0.025
56039,0.0513
37015,0.0133
5029,0.0263
18075,0.0578
13237,0.0372
13303,0.0421
29217,0.0323
56041,0.027
45049,0.0206
19191,0.0423
1091,0.0558
31043,0.0474
51820,0.0215
41013,0.0571
37185,0.0204
19019,0.0334
18147,0.0411
1013,0.0077
53049,0.0544
19065,0.0303
55001,0.0313
48089,0.0537
27045,0.045
27091,0.0453
18049,0.0351
22029,0.0297
19027,0.0363
21231,0.0279
49041,0.0615
31155,0.0475
22041,0.0108
37115,0.0326
29049,0.0368
22083,0.0065
55119,0.036
5113,0.0369
19105,0.0278
55061,0.0337
37149,0.0475
35027,0.0242
4012,0.0725
48019,0.0486
55053,0.0412
27057,0.0465
53039,0.0716
22037,0.0391
19021,0.0343
40091,0.0285
31177,0.0369
48253,0.0509
24029,0.0176
13105,0.0364
18015,0.0357
19087,0.0293
48123,0.0621
27039,0.047
40153,0.0358
16067,0.0804
21027,0.0397
6063,0.0457
21017,0.0316
17041,0.0155
55067,0.0361
21003,0.0377
12059,0.0654
45081,0.0377
19097,0.0363
35041,0.0435
18117,0.0404
21155,0.0357
48161,0.0412
48177,0.0523
20041,0.0129
1107,0.0366
48337,0.0398
30053,0.0443
48281,0.0523
39125,0.0362
28141,0.0255
28031,0.0178
46035,0.0397
48117,0.0768
18123,0.0374
48299,0.049
13019,0.0499
48285,0.0607
12079,0.0674
45061,0.0416
47159,0.0507
27161,0.0459
20087,0.0321
47173,0.0467
29015,0.0491
55047,0.0296
27055,0.0498
5001,0.0311
29157,0.0408
29143,0.0256
19157,0.0289
21097,0.0329
8089,0.054
47075,0.0193
13229,0.0485
53001,0.0738
47041,0.0419
49013,0.0542
48133,0.0584
17045,0.0236
51175,0.0209
48503,0.05
47085,0.0456
5043,0.0336
19031,0.0273
51141,0.0371
51127,0.0257
51079,0.0235
13011,0.0418
36097,0.046
13171,0.0429
47171,0.0416
21147,0.0139
29155,0.0032
42093,0.0402
6043,0.0504
47091,0.042
13001,0.0482
48035,0.0439
21099,0.0373
19043,0.039
55103,0.0382
5067,0.0298
5121,0.0599
47049,0.046
35028,0.0162
5037,0.0271
13231,0.0502
13211,0.0448
35053,0.0101
48145,0.0283
51520,0.0277
37199,0.0325
8015,0.0703
28131,0.003
17005,0.0289
19171,0.0178
19055,0.0541
17187,0.0295
13017,0.0375
29053,0.0447
21207,0.0224
54065,0.0097
23021,0.0225
48165,0.0571
26019,0.0635
21161,0.0279
42105,0.0291
51193,0.0166
51025,0.0385
5075,0.0345
51570,0.0209
18139,0.0353
18121,0.0449
1067,0.0174
5141,0.0263
29003,0.0318
51071,0.0363
5135,0.0266
1057,0.018
18045,0.0366
48163,0.0491
13075,0.0419
22027,0.0207
48051,0.0571
26079,0.042
8097,0.0554
51029,0.0131
47023,0.0332
19047,0.0256
21215,0.0299
21203,0.0135
29013,0.0326
46065,0.0418
47181,0.0546
12041,0.0621
13163,0.0446
20005,0.0278
48415,0.0623
21079,0.0347
54091,0.042
19101,0.0316
55065,0.0358
17101,0.0634
47139,0.048
48289,0.0546
29059,0.0341
17191,0.0637
31159,0.0423
17147,0.0229
19059,0.0323
19041,0.0339
55023,0.033
13083,0.048
48395,0.0492
48287,0.0573
54001,0.0546
40117,0.0495
17039,0.0188
55113,0.03
25007,0.0429
13271,0.0379
28129,0.0294
47005,0.043
17131,0.0233
26053,0.046
12029,0.0727
51750,0.0295
35057,0.0208
19095,0.0336
17023,0.0325
38077,0.0583
19067,0.0237
20139,0.0342
13241,0.0402
22049,0.0366
16049,0.0698
13027,0.0439
27065,0.0279
18165,0.0421
8093,0.0615
27001,0.0407
55003,0.0295
41001,0.0643
30041,0.047
5021,0.0467
27127,0.0479
13133,0.0397
21045,0.047
18159,0.0353
51101,0.0248
19145,0.0052
55129,0.0255
51051,-0.0039
26011,0.042
56007,0.022
39067,0.0502
12045,0.0515
51135,0.0187
40095,0.0261
53055,0.0508
1065,0.0302
31131,0.0336
27129,0.0361
5087,0.0309
19121,0.0347
30067,0.0612
27135,0.0725
22125,0.0213
29135,0.0364
37121,0.0324
29121,0.0324
19109,0.0358
12125,0.0606
51077,0.024
8071,0.0404
16047,0.072
55013,0.0205
8003,0.0546
21103,0.0166
55077,0.0333
17015,0.0221
8051,0.0572
51063,0.0381
18013,0.0385
27143,0.0438
48353,0.0482
40023,0.0245
29117,0.0313
45017,0.0394
20011,0.0147
13161,0.0493
19129,0.029
39115,0.0531
40073,0.0419
40035,0.036
51125,0.017
55007,0.027
21225,0.027
51011,0.0337
1029,0.0168
19085,0.0178
54087,0.032
13093,0.0372
13221,0.0413
21191,0.0206
19023,0.0322
26113,0.0633
17139,0.0274
42057,0.0097
8049,0.0461
48255,0.0662
12047,0.066
48003,0.0751
12065,0.0703
55107,0.0284
49037,0.0585
13193,0.0266
17189,0.026
21065,0.0184
17125,0.017
12013,0.0755
13251,0.0409
47033,0.034
48455,0.0482
1075,0.0224
27043,0.0434
13183,0.0317
48351,0.0296
46127,0.0419
19141,0.0241
22013,0.0099
21069,0.0328
21221,0.0285
13191,0.0274
19005,0.044
51685,0.0189
18111,0.044
6051,0.043
31151,0.0494
21123,0.0188
55099,0.0211
5079,0.0688
47153,0.0507
17053,0.0296
48239,0.0535
26039,0.0549
51830,0.0235
51043,0.0184
54031,0.0136
48505,0.0575
40063,0.0715
29039,0.0441
37173,0.0403
48093,0.0487
38079,0.0282
1027,0.0361
27113,0.0639
54089,0.0298
1041,0.0076
13159,0.0422
17061,0.0131
29151,0.0444
21135,0.0271
27159,0.0403
56009,0.0339
48115,0.0652
51690,0.015
17025,0.0365
47015,0.0476
8081,0.0386
5061,0.0299
6105,0.0702
35007,0.0189
47061,0.0439
29067,0.0288
48313,0.0512
21233,0.0272
2150,0.0352
55011,0.0328
48059,0.0492
48487,0.0375
54063,0.0569
21109,0.0714
40099,0.0425
2130,0.0237
37143,-0.0489
18131,0.0357
26141,0.0465
20001,0.0173
21153,0.0706
47161,0.0467
27071,0.0429
51113,0.0185
56015,0.0359
16043,0.0779
19197,0.0185
37187,0.0142
13023,0.0437
5041,0.0283
53051,0.0624
21033,0.029
48343,0.0371
28077,0.021
51111,0.0123
29063,0.041
19007,0.0105
12043,0.051
47007,0.0559
48387,0.0493
18125,0.0484
16041,0.0632
40061,0.0647
18009,0.022
29115,0.0333
51007,0.017
20115,0.0231
48445,0.0414
17123,0.0176
21197,0.015
51037,0.0215
8099,0.0552
19175,0.0266
49027,0.0765
28065,0.0232
21219,0.0334
19075,0.0193
27023,0.0405
19037,0.022
51131,0.0193
51610,0.0376
51133,0.0182
51081,0.0072
37073,0.0293
40107,0.0276
13049,0.0421
19165,0.0225
21061,0.0276
47101,0.0496
51735,0.0246
51183,-0.0121
8007,0.0497
19035,0.0298
13235,0.038
35051,0.0164
8105,0.0446
40011,0.04
54023,0.0312
13149,0.0455
26071,0.0663
5017,0.0183
47039,0.0456
47121,0.0468
21229,0.0266
27033,0.0522
48507,0.0461
56003,0.0453
47087,0.0576
22123,0.0104
21011,0.0146
19119,0.0368
40103,0.0363
12037,0.0365
26085,0.0316
1037,0.0305
48297,0.0556
16073,0.08
38071,0.0628
30089,0.0406
30043,0.0531
51103,0.0129
19115,0.0287
19081,0.0262
1085,0.0136
5109,0.0286
13053,0.0494
21087,0.0241
5127,0.0333
27165,0.0434
22091,0.0312
41049,0.0692
37005,0.0312
40077,0.0263
51057,0.0179
38099,0.0397
26097,0.0644
13005,0.0556
53059,0.0611
31145,0.0527
17035,0.0403
13099,0.0465
13109,0.0402
13043,0.0471
27121,0.0472
16021,0.074
21171,0.0341
51119,0.0151
40069,0.0404
19077,0.0319
26001,0.0418
48379,0.0459
27075,0.0449
19189,0.0235
21187,0.0321
21041,0.0218
19131,0.0425
48077,0.0355
19137,0.0217
18025,0.0314
19069,0.0207
48475,0.0678
18155,0.0399
48159,0.0457
13317,0.0382
37043,0.0234
53043,0.0588
48315,0.0333
40105,0.0381
31037,0.0521
19107,0.0324
48399,0.0477
48031,0.0602
13281,0.0354
54085,0.0356
5105,0.0371
27173,0.0406
5077,0.0176
45005,0.0135
19161,0.0286
18101,0.0451
19063,0.0268
21053,0.0187
48369,0.049
27063,0.0775
29079,0.0298
56035,0.0113
49023,0.0691
16087,0.0537
25019,0.0459
16081,0.0726
29173,0.0431
37103,0.0212
29089,0.0611
22021,0.0318
46019,0.0422
21169,0.0268
13173,0.0418
51049,0.027
8125,0.0704
32033,0.0913
48127,0.0463
20013,0.0306
13167,0.046
37029,0.0243
16085,0.0616
19091,0.0349
29185,0.0439
27151,0.0359
26119,0.0491
27149,0.0772
17079,0.035
27133,0.0548
6049,0.0582
19025,0.0414
20107,0.0343
48429,0.0452
26003,0.0476
31179,0.0483
19089,0.0422
13319,0.0422
13155,0.0538
21149,0.0402
21139,0.0213
5097,0.0328
49029,0.0673
13141,0.0425
29025,0.0379
40085,0.0387
19147,0.0318
20205,0.0199
19073,0.0276
13273,0.0311
21055,0.0193
55041,0.0319
30023,0.045
29033,0.0427
19039,0.02
16009,0.063
13315,0.0427
51159,0.0226
30001,0.0585
19133,0.0386
48043,0.049
49019,0.0666
31137,0.0527
31039,0.0598
31081,0.0478
13209,0.0439
30095,0.0565
22081,0.0355
8019,0.066
48009,0.0409
1063,0.0155
48237,0.0502
35037,0.0328
13289,0.044
5099,0.0169
51115,0.0218
38055,0.0526
29081,0.0451
13287,0.0376
13269,0.0413
19117,0.04
48083,0.0483
12067,0.0821
48405,0.0589
37075,0.021
26013,0.0651
18007,0.0415
29137,0.0465
21223,0.0217
16035,0.0694
19051,0.0363
13197,0.0431
13253,0.0443
27101,0.0449
54075,0.0145
5117,0.0243
27029,0.053
5025,0.0311
56031,0.0408
26135,0.0472
20031,0.0729
21077,0.0242
51620,0.0072
56019,0.0266
21091,0.0401
56043,0.0296
48193,0.0507
18171,0.0497
48425,0.0478
21023,0.0289
26153,0.0648
19053,0.0123
17065,0.0754
4011,0.0885
29061,0.0472
47083,0.055
38057,0.0549
31023,0.0619
13003,0.0513
31101,0.0539
12077,0.0688
13165,0.0453
21143,0.0238
48307,0.0648
8021,0.0589
21007,0.0302
46033,0.0522
54017,0.0403
5129,0.0688
38097,0.0395
5039,0.009
20003,0.0405
48069,0.048
13181,0.0435
40141,0.0234
19135,0.0314
20043,0.0477
16059,0.0746
47135,0.0561
21129,0.0704
29057,0.0376
47169,0.0483
47027,0.0461
20095,0.0199
48437,0.0405
31121,0.0542
47095,0.0284
29041,0.0459
16077,0.0768
13243,0.0409
54071,0.0324
19001,0.0232
54073,0.0296
19195,0.0222
19177,0.032
53019,0.0493
31095,0.023
40093,0.0326
18161,0.0381
55091,0.0294
41023,0.0434
19071,0.0235
41025,0.0548
13309,0.046
48391,0.044
51157,0.0204
8113,0.0448
8065,0.0627
31139,0.0533
5147,0.0255
27073,0.0404
51036,0.0255
48047,0.0618
48175,0.0631
56045,0.0204
54093,-0.0073
21181,0.0389
49025,0.0497
48495,0.076
19093,0.0244
56011,0.0397
51181,0.0333
51678,0.0137
48075,0.0459
16015,0.062
30077,0.052
41063,0.0646
20167,0.0157
50013,0.0277
16029,0.0661
51097,-0.0067
13283,0.0403
13263,0.029
31021,0.0411
22023,0.056
51021,0.0465
47067,0.05
21075,0.0214
13065,0.048
26131,0.0675
32027,0.0925
29211,0.014
8055,0.0491
13037,0.0448
8103,0.0471
27167,0.0553
8011,0.0657
31099,0.0511
40067,0.0286
19143,0.0244
42113,0.0428
19185,0.0197
29205,0.0318
47127,0.0497
19173,0.0382
50009,0.0241
40033,0.0334
48065,0.0451
30073,0.0583
31167,0.0529
18115,0.0285
13201,0.0469
19009,0.0126
8109,0.0569
20143,0.0382
30099,0.0591
48107,0.0264
13259,0.0388
27051,0.0508
17155,0.0169
17175,0.0129
16007,0.0776
51595,0.0187
40029,0.0504
55051,0.0253
46057,0.0371
27081,0.0507
13301,0.0197
8025,0.0634
30015,0.051
37095,0.0319
32015,0.1061
46087,0.0723
30007,0.055
47175,0.0618
8073,0.0698
8047,0.0648
38049,0.0758
5013,0.0445
32017,0.0937
27011,0.0372
22107,0.0247
48119,0.0498
16063,0.0701
51045,0.0394
27031,0.0404
19159,0.0359
21039,0.024
47137,0.0448
13249,0.0603
48333,0.0951
21105,0.0264
36041,0.0382
56017,0.0223
48317,0.0744
32021,0.1001
40053,0.0524
8091,0.0462
55037,0.0477
37177,0.0176
48103,0.0706
16037,0.0783
16071,0.0841
8027,0.0544
30061,0.0414
40045,0.0437
27077,0.0588
13101,0.0587
32029,0.0831
53069,0.0599
16003,0.0828
51720,0.0294
16061,0.0665
31181,0.0494
8009,0.0564
48129,0.0402
30097,0.0607
27155,0.0694
38029,0.0548
13007,0.0471
48383,0.0766
6091,0.0493
13061,0.0261
13125,0.068
30039,0.0472
40057,0.0272
13307,0.0426
31133,0.0521
31063,0.0441
13239,0.0349
8115,0.0503
53023,0.0783
49033,0.0741
26083,0.0612
8033,0.053
32011,0.0874
48011,0.0443
41021,0.0764
8017,0.0785
41055,0.0706
13265,0.0353
8061,0.0732
8057,0.036
6003,0.038
16025,0.0395
49009,0.0827
8111,0.0313
